{"cameraMode":{"drawMode":0,"name":"Shaded","section":"Shading Mode"},"sceneLighting":false,"audioPlay":false,"sceneViewState":{"showFog":true,"showMaterialUpdate":false,"showSkybox":false,"showFlares":true,"showImageEffects":true,"showParticleSystems":true},"in2DMode":false,"pivot":{"x":-15.887910842895508,"y":-10.685861587524414,"z":148.45156860351563},"rotation":{"x":-0.028272124007344247,"y":0.9198005795478821,"z":-0.38552653789520266,"w":-0.06745272874832154},"size":20.611400604248048,"orthographic":false}