{"cameraMode":{"drawMode":0,"name":"Shaded","section":"Shading Mode"},"sceneLighting":false,"audioPlay":false,"sceneViewState":{"showFog":true,"showMaterialUpdate":false,"showSkybox":false,"showFlares":true,"showImageEffects":true,"showParticleSystems":true},"in2DMode":false,"pivot":{"x":-9.634454727172852,"y":-2.0260074138641359,"z":161.9342041015625},"rotation":{"x":0.02130800485610962,"y":-0.0030037753749638798,"z":0.00006422782462323084,"w":0.9997700452804565},"size":15.052419662475586,"orthographic":false}