{"cameraMode":{"drawMode":0,"name":"Shaded","section":"Shading Mode"},"sceneLighting":true,"audioPlay":false,"sceneViewState":{"showFog":true,"showMaterialUpdate":false,"showSkybox":true,"showFlares":true,"showImageEffects":true,"showParticleSystems":true},"in2DMode":false,"pivot":{"x":111.98562622070313,"y":-65.47644805908203,"z":-113.09156799316406},"rotation":{"x":0.07431309670209885,"y":0.9001525044441223,"z":-0.16967426240444184,"w":0.39423513412475588},"size":101.48290252685547,"orthographic":false}