{"cameraMode":{"drawMode":0,"name":"Shaded","section":"Shading Mode"},"sceneLighting":true,"audioPlay":false,"sceneViewState":{"showFog":true,"showMaterialUpdate":false,"showSkybox":true,"showFlares":true,"showImageEffects":true,"showParticleSystems":true},"in2DMode":false,"pivot":{"x":-72.53184509277344,"y":24.99212646484375,"z":-56.81441116333008},"rotation":{"x":-0.1949484497308731,"y":-0.4700493812561035,"z":0.10728546231985092,"w":-0.8541311621665955},"size":48.59515380859375,"orthographic":false}